{"title":"Ordena\u00e7\u00e3o-Cintia","language":"und","mainLibrary":"H5P.ImageSequencing","embedTypes":["div"],"license":"U","preloadedDependencies":[{"machineName":"H5P.ImageSequencing","majorVersion":"1","minorVersion":"1"},{"machineName":"H5P.Timer","majorVersion":"0","minorVersion":"4"},{"machineName":"FontAwesome","majorVersion":"4","minorVersion":"5"},{"machineName":"H5P.JoubelUI","majorVersion":"1","minorVersion":"3"},{"machineName":"H5P.Transition","majorVersion":"1","minorVersion":"0"},{"machineName":"Drop","majorVersion":"1","minorVersion":"0"},{"machineName":"Tether","majorVersion":"1","minorVersion":"0"},{"machineName":"H5P.FontIcons","majorVersion":"1","minorVersion":"0"},{"machineName":"jQuery.ui","majorVersion":"1","minorVersion":"10"},{"machineName":"H5P.Audio","majorVersion":"1","minorVersion":"2"},{"machineName":"flowplayer","majorVersion":"1","minorVersion":"0"}]}