{
  "title": "Image Sequencing",
  "description": "Sequence the Images in the order of occurance",
  "majorVersion": 1,
  "minorVersion": 1,
  "patchVersion": 0,
  "runnable": 1,
  "author": "Jithin Thankachan",
  "license": "MIT",
  "machineName": "H5P.ImageSequencing",
  "embedTypes": ["iframe"],
  "preloadedCss": [
    {
      "path": "styles/h5p-image-sequencing.css"
    }
  ],
  "preloadedJs": [
    {
      "path": "scripts/h5p-image-sequencing.js"
    },
    {
      "path": "scripts/h5p-image-sequencing-card.js"
    },
    {
      "path": "scripts/h5p-image-sequencing-counter.js"
    },
    {
      "path": "scripts/h5p-image-sequencing-timer.js"
    }
  ],
  "preloadedDependencies": [
    {
      "machineName": "H5P.Timer",
      "majorVersion": 0,
      "minorVersion": 4
    },
    {
      "machineName": "FontAwesome",
      "majorVersion": 4,
      "minorVersion": 5
    },
    {
      "machineName": "H5P.JoubelUI",
      "majorVersion": 1,
      "minorVersion": 3
    },
    {
      "machineName": "jQuery.ui",
      "majorVersion": 1,
      "minorVersion": 10,
      "defaultStyles": true
    },
    {
      "machineName": "H5P.Audio",
      "majorVersion": 1,
      "minorVersion": 2
    }
  ],
  "editorDependencies": [
    {
      "machineName": "H5PEditor.VerticalTabs",
      "majorVersion": 1,
      "minorVersion": 3
    }
  ]
}
