{"taskDescription":"AGORA ORGANIZE OS AVATARES DA CINTIA DO MENOR PARA O MAIOR:","altTaskDescription":"Make the following list be ordered correctly. Use the cursor keys to navigate through the list items, use space to activate or deactivate an item and the cursor keys to move it","sequenceImages":[{"image":{"path":"images\/image-5f52768208488.png","mime":"image\/png","copyright":{"license":"PD","version":"CC0 1.0"},"width":200,"height":300}},{"image":{"path":"images\/image-5f527694b41b1.png","mime":"image\/png","copyright":{"license":"U"},"width":200,"height":300}},{"image":{"path":"images\/image-5f52768c66ef8.png","mime":"image\/png","copyright":{"license":"U"},"width":200,"height":300}},{"image":{"path":"images\/image-5f52769c78ef4.png","mime":"image\/png","copyright":{"license":"U"},"width":200,"height":300}}],"behaviour":{"enableSolution":true,"enableRetry":true,"enableResume":true},"l10n":{"totalMoves":"Total Moves","timeSpent":"Time spent","score":"You got @score of @total points","checkAnswer":"Check","tryAgain":"Retry","showSolution":"ShowSolution","resume":"Resume","audioNotSupported":"Erro de \u00e1udio","ariaPlay":"Tocar o \u00e1udio","ariaMoveDescription":"Moved @cardDesc from @posSrc to @posDes","ariaCardDesc":"sequencing item"}}